Train Accuracy,Test Accuracy
0.9878767748899776,0.5536366655596148
1.0,0.5868482231816672
0.9527526363862825,0.5719030222517436
0.9508428132525119,0.5383593490534706
